tag,post_count
dairi,18810
ebifurya,6647
crote,6449
ruu_(tksymkw),5916
bkub,5876
itomugi-kun,5855
hammer_(sunset_beach),5629
haruyama_kazunori,5282
inoino,4801
kou_hiyoyo,4674
kanon_(kurogane_knights),4628
yaegashi_nan,4599
rebecca_(keinelove),4399
mizuki_hitoshi,4383
kouji_(campus_life),4352
shiromochi_sakura,4076
tani_takeshi,3950
hara_(harayutaka),3892
naga_u,3889
ojipon,3875
pageratta,3572
matsunaga_kouyou,3560
hiroki_(yyqw7151),3456
boris_(noborhys),3438
onikobe_rin,3283
bow_(bhp),3221
blade_(galaxist),3211
tony_taka,3177
a1_(initial-g),3131
hana_kazari,3104
futa_(nabezoko),3097
yohane,3049
matsuo_yukihiro,3044
ixy,3028
gomashio_(goma_feet),3002
bb_(baalbuddy),2979
m-da_s-tarou,2969
saitou_natsuki,2969
chihuri,2964
ido_(teketeke),2943
hews,2921
mitarashi_neko,2913
hungry_clicker,2889
jun_(navigavi),2875
huke,2841
nyantcha,2830
dagasi,2807
hisahiko,2782
sincos,2779
ramchi,2762
dd_(ijigendd),2758
mizumizuni,2748
tsukudani_(coke-buta),2730
drawfag,2704
minaba_hideo,2671
kirisawa_juuzou,2669
zounose,2661
colorful_palette,2658
takafumi,2638
qp:flapper,2637
youyume-kun,2625
tsuruse,2616
horosuke,2590
namori,2564
rariatto_(ganguri),2547
carnelian,2545
abubu,2511
kato_takuji,2500
houtengeki,2472
kantoku,2464
warugaki_(sk-ii),2458
nanashi_(nlo),2453
kani_biimu,2443
hamu_koutarou,2440
avogado6,2426
rokugou_daisuke,2415
shiseki_hirame,2414
slugbox,2409
ebora,2402
milkpanda,2396
maru_(marg0613),2380
tsukishiro_saika,2376
ichimi,2370
yukie_(kusaka_shi),2355
hisona_(suaritesumi),2354
gweda,2346
iesupa,2301
neocoill,2289
koyama_shigeru,2288
torotei,2281
izumi_tsubasu,2262
sofra,2261
shino_(ponjiyuusu),2254
anti_(untea9),2252
yua_(checkmate),2242
gonzarez,2238
tsunako,2236
konoshige_(ryuun),2234
kouno_(masao),2222
usashiro_mani,2203
kanikama,2201
menma_(enaic31),2191
takeuchi_takashi,2171
ueyama_michirou,2157
belko,2155
diva_(hyxpk),2127
wa_(genryusui),2123
hinghoi,2120
echo_(circa),2115
ginhaha,2109
null_(nyanpyoun),2097
nekotoufu,2091
hizaka,2085
onigirikun,2078
toosaka_asagi,2072
sumiyao_(amam),2069
sayori_(neko_works),2060
kotomaru_(kotokoto_kottan),2057
chigusa_minori,2047
yamamoto_souichirou,2040
heripantomorrow,2025
miyo_(ranthath),2020
agawa_ryou,2013
tsuda_nanafushi,2001
zen_(kamuro),1994
kurukurumagical,1993
taisa_(kari),1989
takiki,1986
yuuhagi_(amaretto-no-natsu),1985
haruhisky,1979
yuuji_(and),1978
kanduki_kamibukuro,1976
fujima_takuya,1962
fumihiko_(fu_mihi_ko),1956
tomose_shunsaku,1952
clearite,1940
ayu_(mog),1934
saiguchi_otoufu,1923
rotte_(1109),1916
afrobull,1914
kaamin_(mariarose753),1912
mattaku_mousuke,1910
kashikaze,1904
buzzlyears,1894
kanade_(kanade_3344),1887
piyodera_mucha,1883
beni_shake,1883
ichikawa_feesu,1881
yd_(orange_maru),1881
horideiyasumi,1861
enkyo_yuuichirou,1860
kitsunerider,1852
mochi_au_lait,1840
daram_(shappydude),1839
lolita_channel,1830
imu_sanjo,1818
kawaanago,1814
personal_ami,1808
dokomon,1796
juukyuu,1794
nikorashi-ka,1790
koruri,1787
dikko,1779
mizuki_makoto,1776
dishwasher1910,1761
nonohara_miki,1754
kaigen_1025,1748
kamille_(vcx68),1746
tukiwani,1746
ohisashiburi,1739
wanta_(futoshi),1738
minami_(colorful_palette),1738
niliu_chahui,1735
ini_(inunabe00),1731
merunyaa,1720
shimada_fumikane,1720
stanley_lau,1716
ishikei,1713
matsuryuu,1712
piromizu,1708
aaaa_(quad-a),1702
goma_(gomasamune),1699
fusu_(a95101221),1698
mauve,1698
fuuzasa,1697
kasumi_(skchkko),1687
jako_(jakoo21),1686
yuichirou,1686
shirosato,1685
ma_rukan,1683
shiromanta,1676
mery_(yangmalgage),1674
xinzoruo,1664
e.o.,1663
agahari,1663
sorimachi-doufu,1663
kankan33333,1660
rappa_(rappaya),1659
oouso,1658
ilya_kuvshinov,1649
murakami_suigun,1648
yuureidoushi_(yuurei6214),1646
chanta_(ayatakaoisii),1639
samneco,1633
creayus,1633
ikeuchi_tanuma,1632
a_re,1631
k-suwabe,1631
pokemoa,1630
asanagi,1628
gurande_(g-size),1628
mk_(mod0),1628
yunamaro,1628
kujou_karasuma,1628
kinkymation,1626
ebi_193,1623
satou_kuuki,1621
b-ginga,1618
kaiman_garupan,1615
kirishima_satoshi,1608
karukan_(monjya),1607
seraziel,1603
shimazaki_mujirushi,1596
kamitsurugi_ouka,1593
phantom_cross,1590
oryo_(oryo04),1587
yukito_(dreamrider),1585
butcha-u,1580
ogami_kazuki,1578
eromame,1576
happy_elements,1575
waterring,1573
chikuwa.,1569
sheya,1568
bubukka,1564
cle_masahiro,1563
lets0020,1561
ha_akabouzu,1561
momoko_(momopoco),1560
ajitarou_(setsu),1552
kawamochi_(kawauti919),1547
asteroid_ill,1545
asutora,1539
cougar_(cougar1404),1536
as109,1535
waero,1531
katahira_masashi,1531
fumio_(rsqkr),1528
izawa_(bhive003),1526
aldehyde,1522
riyo_(lyomsnpmp),1520
kame_(kamepan44231),1515
nori_tamago,1512
cutesexyrobutts,1511
kahasina_(moment_silicon),1510
sakura_oriko,1507
kuromiya,1507
mikozin,1504
hori_(hori_no_su),1502
furaggu_(frag_0416),1502
mitya,1501
jjune,1498
ouchi_kaeru,1497
ito_noizi,1493
otokuyou,1491
mizuhara_aki,1490
tonda,1489
moisture_(chichi),1486
horn/wood,1485
mishima_kurone,1484
rororo,1482
yukitake_(bullfalk),1481
tonee,1480
suzuhira_hiro,1476
mikage_takashi,1471
kanzakietc,1469
yoshi_tama,1465
gibagiba,1462
happoubi_jin,1459
meito_(maze),1459
yopparai_oni,1456
mizumoto_tadashi,1454
kuavera,1451
jmg,1448
beer_hsk,1447
moyazou_(kitaguni_moyashi_seizoujo),1446
sky-freedom,1443
dr_rex,1440
sekina,1440
cato_(monocatienus),1439
kilye_kairi,1439
isshiki_(ffmania7),1437
harris_hero,1434
homare_(fool's_art),1434
swd3e2,1431
re_ghotion,1427
himura_kiseki,1424
watanabe_akio,1422
tk8d32,1421
rino_cnc,1414
ootsuki_wataru,1413
kase_daiki,1412
cait_aron,1405
optionaltypo,1402
tf_cafe,1401
himajin_noizu,1400
kairunoburogu,1399
jcm2,1398
kukie-nyan,1397
yomu_(sgt_epper),1397
jokanhiyou,1397
akairiot,1392
asamura_hiori,1392
yanyo_(ogino_atsuki),1391
akitsuki_karasu,1388
niwatazumi,1385
elf_(stroll_in_the_woods),1382
dandon_fuga,1380
odawara_hakone,1379
youko-shima,1378
satou_kibi,1378
fujigaya_arctia,1377
ririko_(zhuoyandesailaer),1373
mossacannibalis,1371
cedar_(cedar_japonica),1368
engiyoshi,1364
ru_zhai,1361
nishi_koutarou,1360
imizu_(nitro_unknown),1360
meow_(nekodenki),1358
bigrbear,1357
mozukuzu_(manukedori),1356
comodox,1354
ama_mitsuki,1354
pentagon_(railgun_ky1206),1352
makuwauri,1352
lack,1346
niiko_(gonnzou),1346
uccow,1344
nanase_nao,1343
aestheticc-meme,1339
abmayo,1338
yabuki_kentarou,1336
negom,1336
oekakizuki,1331
sakiecho,1329
maturiuta_sorato,1329
bee_(deadflow),1321
karaagetarou,1321
misaki_kurehito,1316
kanpa_(campagne_9),1315
merryweather,1311
milkshakework,1311
kopaka_(karda_nui),1310
masukuza_j,1310
dei_shirou,1310
saku_usako_(rabbit),1307
syhan,1306
sakazaki_freddy,1305
frapowa,1304
gmkj,1303
wakabayashi_toshiya,1300
ikuchan_kaoru,1300
serizawa_serizane,1295
suzuki_toto,1295
lee_(dragon_garou),1292
kashiwamochi_yomogi,1291
harada_takehito,1289
hidefu_kitayan,1288
eudetenis,1287
obiwan,1286
jazz_jack,1284
yokochou,1283
meyoco,1282
foxyreine,1282
tima,1280
kishida_mel,1278
yamashita_shun'ya,1275
unya,1275
jack_dempa,1275
yano_toshinori,1274
gomennasai,1272
ayamy,1269
yoshio_(55level),1269
mikeou,1267
scottie_(phantom2),1266
nii_manabu,1259
kazuma_muramasa,1258
zyugoya,1258
gaoo_(frpjx283),1258
jinguu_(4839ms),1257
ryuuichi_(f_dragon),1257
tanabe_(fueisei),1256
noai_nioshi,1255
suujiniku,1253
unasaka_ryou,1252
ootomo_takuji,1251
hotathino,1251
rtil,1251
momo_no_sukebe,1250
gunjyou_(gunjyou_00),1247
takato_kurosuke,1247
zanntetu,1247
92m,1246
kaisen_chuui,1246
satou_yuuki,1244
nanakusa_suzuna,1244
colonel_aki,1243
miyagoe_yoshitsuki,1243
hizuki_yayoi,1243
takeuchi_ryousuke,1239
suhamaya,1239
eu03,1238
massakasama,1237
seo_tatsuya,1230
serebi_ryousangata,1230
tanaka_kusao,1229
kawayabug,1229
taromarun,1228
kazenokaze,1228
ban!_(bansankan),1227
kotatsu-mazoku,1226
pote_(ptkan),1225
kagami_hirotaka,1224
ninahachi,1218
aoki_(fumomo),1217
lpip,1217
tsubobot,1214
mitsumoto_jouji,1214
nise_dorothia,1213
niwarhythm,1212
koto_inari,1211
gofu,1211
masuyama_ryou,1210
oyari_ashito,1209
engo_(aquawatery),1203
riichu,1202
peso_(cheese_company),1202
chan_co,1199
urushihara_satoshi,1197
fu-ta,1197
ulrich_(tagaragakuin),1196
em_(totsuzen_no_hakike),1196
kichihachi,1192
utano,1191
yukimoto_shuuji_(gurigura),1189
pipi_(m1x_mix),1188
mudou_eichi,1185
umanosuke,1185
reia_76,1182
moke_ro,1181
mota,1181
kloah,1178
nironiro,1177
rinka_(qqqrinkappp),1176
kutan,1175
kurikara,1174
ikari_manatsu,1173
minakami_(flyingman555),1173
mamerakkkkko,1172
aoshima,1168
misumi_(macaroni),1168
6_(yuchae),1168
hellandheaven,1167
minato_ojitan,1165
fuzichoco,1164
kiritto,1162
papa_(shimeguru),1161
sousouman,1161
tokkakyou,1161
magukappu,1160
spacezin,1159
rokuwata_tomoe,1158
sakuraba_yuuki,1158
sakiyamama,1157
tandohark,1156
peach88,1155
shengtian,1154
goma_(yoku_yatta_hou_jane),1153
haimura_kiyotaka,1153
pochimaru_(marumaru_wanwan),1152
morino_hon,1149
kemachiku,1147
kamogawa_tanuki,1145
iizuki_tasuku,1140
greem_bang,1140
meremero,1140
akara_kai,1138
nt00,1135
kitahama_(siroimakeinu831),1135
fkey,1135
mashiro_yukiya,1132
samip,1129
jeno,1127
aster_crowley,1126
hong_(white_spider),1126
deyui,1123
omachi_(slabco),1122
fumio_(ura_fmo),1121
daiaru,1120
harada_(sansei_rain),1120
mika_pikazo,1119
annin_musou,1119
ergot,1118
bai_lao_shu,1116
criis-chan,1115
blacknirrow,1114
rabbithole_(qnzp113),1111
haru_(nakajou-28),1109
kusaka_souji,1109
sunnysideup,1108
do_m_kaeru,1107
mogudan,1107
kabayaki_(kabayaki_eel),1106
hagoonha,1104
iwbitu,1103
shouhou-san_daisuki_teitoku,1101
kuro_kosyou,1100
awa_(abc19502),1097
liya,1097
mikagami_hiyori,1096
yuuji_(yukimimi),1096
erere,1095
ryouma_(galley),1095
koyorin,1095
ryoji_(nomura_ryouji),1094
myth1carts,1093
fukidashi_cotton,1092
aztodio,1092
apple_caramel,1091
distr,1090
cluseller,1089
moyoron,1089
lamb-oic029,1089
habsida_(habsida_hpy),1088
tsukiman,1086
meme_(sleepsheep),1086
mimonel,1085
lambda_(kusowarota),1084
asaya_minoru,1082
arinu,1081
sakurazawa_izumi,1080
baba_(baba_seimaijo),1078
hoshizuki_(seigetsu),1077
doitsuken,1076
ittokyu,1075
setz,1073
puddinghomhom,1072
inaba_shiki,1072
hot_vr,1071
tenken_(gotannda),1071
modare,1070
mo_(kireinamo),1070
inkerton-kun,1069
atelier-moo,1068
mel_(melty_pot),1066
starshadowmagician,1065
huyumitsu,1065
syope,1065
ominaeshi_(takenoko),1065
guin_guin,1065
mashutarou_(neko_no_oyashiro),1062
umigarasu_(kitsune1963),1062
wisespeak,1062
7010,1061
club3,1061
g_(genesis1556),1061
hanazora_satsuki,1058
nanao_naru,1058
nonco,1056
jin_(mugenjin),1056
bbb_(friskuser),1055
okina_ika,1055
zunusama,1054
roke_(taikodon),1054
yuune_(ayanepuna),1053
rom_(20),1052
shichimenchou,1052
shirabi,1051
lindaroze,1050
kyata_ti666,1049
catstudioinc_(punepuni),1048
aoi_masami,1045
cis_(carcharias),1045
tsurui,1044
tofuubear,1044
jjanda,1044
nardack,1042
itini-sanshi,1041
rangycrow,1041
40hara,1041
satou_daiji,1039
ragho_no_erika,1039
takasuma_hiro,1038
yoo_tenchi,1038
komone_ushio,1037
spam_(spamham4506),1037
kfr,1036
sciamano240,1034
deadnooodles,1033
hella_p,1033
e20,1032
bosshi,1032
isshi_pyuma,1031
niichi_(komorebi-palette),1031
unfairr,1031
eiri_(eirri),1031
kenkou_cross,1030
coroha,1030
vahn_yourdoom,1029
choufu_shimin,1029
machismo_fuji,1028
nigari_(ngari_0115),1028
eroe,1028
akinbo_(hyouka_fuyou),1027
atdan,1026
kabocha_torute,1026
untue,1026
raptor7,1025
kamiya_maneki,1023
nishieda,1022
fujisaki_hikari,1021
ringeko-chan,1021
sakimichan,1020
no+bi=,1019
himiya_jouzu,1018
non_(z-art),1016
oimanji,1016
twin_(tt_lsh),1015
varniskarnis,1014
geewhy,1014
rui_(sugar3),1014
yuuki_hagure,1013
nagian,1013
murata_range,1011
topu,1011
kei_jiei,1009
muririn,1008
thomas_8000,1008
no-kan,1007
adsouto,1007
liang_xing,1007
pas_(paxiti),1006
m&m_(mickey_and_mackey),1005
hayabusa_(vert_320),1004
shexyo,1003
gotoh_(nekocat),1003
neoartcore,1003
oni-noboru,1003
rikatan,1003
konnyaku_(kk-monmon),1002
maruki_(punchiki),1002
kakure_eria,1000
welt_(kinsei_koutenkyoku),998
liz_(piyoko_piyop),998
sei_(kaien_kien),998
akkijin,997
peroponesosu.,997
khyle.,996
waka_(wk4444),995
hikawa_shou,995
darumoon,994
capriccio,993
ray.s,991
sazaki_ichiri,991
eto_(ikumika),989
ino_(magloid),989
sugimori_ken,988
hase_yu,988
nyaru_(nyaru_4126),987
blew_andwhite,987
sydus,987
wada_arco,987
gryebooks,983
koyuki_(kotatsu358),982
boppin,982
usa37107692,982
decrilus,981
lasterk,980
miyase_mahiro,979
horiguchi_yukiko,979
fugtrup,978
hizake_mozu,978
kamelie,978
yaomai,978
hospital_king,978
aozora_market,977
lvl_(sentrythe2310),976
m_k,976
gashi-gashi,976
fuji_(pixiv24804665),974
u_u_zan,974
syuri22,974
yume_no_owari,973
shirow_masamune,973
aono3,973
redrop,972
melowh,971
chengongzi123,971
chai_(drawingchisanne),970
himeyamato,970
oroborus,969
shigino_sohuzi,969
ishii_hisao,969
shibasaki_shouji,968
yaneko_uta,967
mignon,967
na-ga,967
nanami_(nunnun_0410),965
yukataro,965
monety,963
shimouki_izui,962
ateoyh,962
at2.,962
ryusei_hashida,962
azasuke,962
yoshizaki_mine,961
advarcher,961
eonsang,960
siu_(siu0207),960
nekoya_(liu),960
cad_(caddo),958
ke-ta,958
sumesi_(iwasi_29),958
saru,956
menotama,956
omone_hokoma_agm,956
aikawa_ryou,955
kou_mashiro,954
aki99,954
sakino_shingetsu,953
mitsumi_misato,952
junkzero,952
kishida_shiki,952
tsukumo_kazuita,950
marugoshi_(54burger),950
gaou_(umaiyo_puyoman),950
shin_(new),950
hibiki_(zerocodo),949
kara_(color),948
hamao,947
genyaky,947
pataneet,945
shiratama_(shiratamaco),945
sooon,944
i.u.y,944
kusanagi_tonbo,943
chado,943
porforever,942
komaku_juushoku,941
nassukun,939
chaesu,939
mtu_(orewamuzituda),938
kiyama_satoshi,937
yagisaka_seto,935
neki_(wakiko),933
miuku_(marine_sapphire),933
torisan,932
gakky,931
komeshiro_kasu,931
komatsu_eiji,931
kuzuryuu_kennosuke,930
ibuki_notsu,930
yuki00yo,928
cuboon,927
hitsukuya,927
pako_(pakosun),926
momio,926
konbu_wakame,926
haoro,926
herada_mitsuru,925
shibacha,925
urin,925
otohime_(youngest_princess),925
surio,923
ryuusei_(mark_ii),922
hiten_(hitenkei),922
zucchini,922
deaver,921
kapatarou,920
akina_tsukako,920
youkan,919
kousei_(public_planet),918
mamaloni,918
oldsickkim,917
rakugaki-biyori,917
hitotsuki_nebura,915
hanzou,915
xenon_(for_achieve),915
melon22,915
kanabun,914
pekeko_(pepekekeko),913
sano_toshihide,913
nagare,913
kagematsuri,912
exlic,911
pononozo,911
bigkwl,909
cool-kyou_shinja,909
takayaki,909
jtveemo,909
rotomdocs,908
mattari_yufi,908
yoako,908
furukawa_(yomawari),907
katayama_kei,907
mamuru,907
kyouda_suzuka,907
hotate-chan,906
shimmer,905
minato_hitori,904
lielos,904
soejima_shigenori,903
ashiyama_yoshinori,903
blushyspicy,903
doremi_(doremi4704),902
k_hiro,901
coffee-kizoku,901
yone_kinji,900
kafun,899
whoosaku,899
cian_yo,899
casino_(casinoep),899
boushi-ya,898
sugimura_tomokazu,897
meimaru_inuchiyo,897
halcon,897
shibori_kasu,895
born-to-die,895
d-rex,895
tako-chan_(hub_dump),895
fuantei,895
yume_shokunin,895
sukoyaka_(100hituzi),894
harigane_shinshi,894
parsley-f,894
hwansang,893
mahoro_(minase_mahoro),893
haoni,893
tetsu_(kimuchi),893
mikazuki_akira!,893
kaho_0102,893
tsukareta_san,893
zankuro,892
n.g.,892
774_(nanashi),891
dopey_(dopq),890
falken_(yutozin),890
yamu_(reverse_noise),890
torinone,889
morisobo,888
kurozawa_yui,888
mataro_(matarou),887
kobuichi,886
popqn,885
norman_maggot,885
mx2j,885
iwashi_dorobou_-r-,884
kawakami_rokkaku,884
joy_ride,883
rebe11,881
kimoshi,881
allurmilk,880
xiacheng_tatsuya,880
zandra,880
sunhyun,880
robaato,879
bison_cangshu,879
finalcake,878
you_(noanoamoemoe),878
torriet,878
shashaki,878
kuroboshi_kouhaku,878
shuri_(84k),878
madcore,877
nozo_(hitomiz),877
makicha_(sasurainopink),875
ng1sh8,875
jetto_komusou,875
goto_p,874
kazutake_hazano,874
komusou_(jinrikisha),874
nottytiffy,873
donguri_suzume,873
nanashiro_gorou,870
ett,870
inu_(aerodog),870
asahina_yoshitoshi,869
akagashi_hagane,868
greatm8,867
jingai_modoki,866
sak_(lemondisk),866
mpien,866
keenh,865
silence_girl,864
watarui,864
donburi_(donburikazoku),863
boa_(brianoa),863
festa11307070,862
sseopik,861
norasuko,860
osiimi,859
shinama,857
dermar,856
ewa_(seraphhuiyu),856
baffu,855
yt_(wai-tei),855
dannex009,854
natsuki_teru,854
onsoku_inu,854
deetamu,853
hm_(hmongt),853
kouno_hikaru,853
minamura_haruki,853
ndgd,853
yamashichi_(mtseven),851
megao_3rd,850
cream_(nipakupa),849
suyasuyabi,849
saishosaisekojo,848
gotyou,848
iahfy,847
meopun_(meopen429),847
crumbles,847
koku,847
petenshi_(dr._vermilion),846
ruukii_drift,845
mae_(maesanpicture),844
seihekiog,844
bluefield,843
hetza_(hellshock),842
kupa_(jesterwii),842
op_na_yarou,841
akino_shuu,841
rizu_(rizunm),841
fuya_(tempupupu),841
hemogurobin_a1c,840
jyt,840
mizikayo,839
y.ssanoha,838
hayashiya_zankurou,838
alpha_(yukai_na_nakamatachi),838
shikito_(yawa0w0),838
miranofuudoria,837
hirano_katsuyuki,836
ouma_tokiichi,835
ryouka_(suzuya),834
wata_do_chinkuru,833
yamato_nadeshiko_(nadeshiko0328),832
seneto,832
poch4n,832
itou_yuuji,831
unowen,830
machi_(machi0910),830
caffein,829
jizeru_(giselebon),828
umekichi,828
yuugure_pairo,828
matsuda_(matsukichi),826
lokulo_no_mawashimono,826
sutahiro_(donta),826
ameno_(a_meno0),826
amazuyu_tatsuki,826
harumina_mau,826
mosho,825
ucmm,824
ichiba_youichi,824
marumikan,824
jellytits-7,824
aoi_(annbi),824
berusuke_(beru_no_su),824
aogisa,824
jabara_tornado,823
porurin,823
felutiahime,823
amagi_(amagi626),823
lm_(legoman),822
xiujia_yihuizi,822
kadose_ara,822
konpeto,822
ransusan,822
mata_(matasoup),821
rei_(rei's_room),819
barbariank,819
t2r,819
tama_(tamatamo),818
ninai,818
amasora_taichi,817
kurou_(quadruple_zero),817
gawako,816
makuran,816
tsuji_santa,816
gentsuki,815
chita_(ketchup),815
tottotonero,814
teddypocky,814
robo_mikan,814
hiro_(hirohiro31),814
arnest,813
ricegnat,812
